<?xml version="1.0" encoding="UTF-8" ?>
<!DOCTYPE configuration PUBLIC "-//mybatis.org//DTD Config 3.0//EN"
  "http://mybatis.org/dtd/mybatis-3-config.dtd">
<configuration>
	<settings>
		<setting name="cacheEnabled" value="true" />
		<setting name="lazyLoadingEnabled" value="true" />
		<setting name="multipleResultSetsEnabled" value="true" />
		<setting name="useColumnLabel" value="true" />
		<setting name="useGeneratedKeys" value="false" />
		<setting name="autoMappingBehavior" value="PARTIAL" />
		<setting name="defaultExecutorType" value="SIMPLE" /><!-- SIMPLE REUSE BATCH -->
		<!-- <setting name="defaultExecutorType" value="BATCH" /> -->
		<setting name="defaultStatementTimeout" value="25000" />
		<setting name="safeRowBoundsEnabled" value="false" />
		<!-- 启动自动映射 -->
		<setting name="mapUnderscoreToCamelCase" value="true" />
		<setting name="localCacheScope" value="SESSION" />
		<!-- <setting name="jdbcTypeForNull" value="OTHER" /> -->
		<setting name="jdbcTypeForNull" value="NULL" />
		<setting name="lazyLoadTriggerMethods" value="equals,clone,hashCode,toString" />
		<!-- 打印sql日志 -->
		<setting name="logImpl" value="STDOUT_LOGGING" />
	</settings>
</configuration>